paper_id,title,authors,abstract,doi,year,venue,url,keyword,source_file,source_repos,abstract_quality,format_excluded,scope_excluded,c2,c3,fulltext_flag,c2_and_c3,disposition,advances_to_fulltext,primary_reason,val_reason,pdf_found,pdf_path,pdf_extract_method,full_text_chars,paragraph_count,matched_paragraph_count,extracted_context,discussion_found,discussion_paragraph_count,discussion_summary,discussion_excerpt,discussion_full,extraction_terms,keyword_conditioned_context,keyword_conditioned_paragraph_count,focus_keyword,embedding_model,text_view,cluster_method,cluster,cluster_theme_terms,umap_x,umap_y,distance_to_centroid,representative_rank,is_representative_top3,medoid_rank,lda_topic,lda_topic_probability,lda_topic_words,cluster_label_candidate,cluster_summary_candidate,facet_population_or_context,facet_stakeholder_or_population,facet_method_or_lens,facet_artifact_or_domain,facet_contribution_or_outcome,nearest_papers
dbc171dde63a,Perfect Eudaimonic User Experience Design That Aristotle Would Have Wanted,"Joers, Julian Marvin and De Luca, Ernesto William","The demand for a design for productivity and efficiency of technology is increasingly giving way to the demand for eudaimonic well-being (EWB) focusing on the support of user‚Äôs authenticity, excellence, meaning, and growth. Especially in human-computer interaction (HCI), the question is how EWB can be stimulated in its facets. In this provocative paper, we present the Eudaimonic User Experience (EUX) and its design rules and artifacts that we have derived based on previous work from HCI and psychology. The design rules are primarily intended to serve as a basis for discussing the possibility of focusing on alternative design beyond the current doctrines of simplicity, gradualism, and ease of use, which could be more human-centered than the aforementioned principles.",10.1145/3656156.3663737,2024,Companion Publication of the 2024 ACM Designing Interactive Systems Conference,https://doi.org/10.1145/3656156.3663737,Design Rules,design_rules.bib,acm|semantic_scholar,full,False,False,True,True,True,True,advance_criteria,True,"Derives design rules for eudaimonic UX from prior HCI and psychology work (C2) and appears to define EUX constructs, though provocative-paper format and definitional specifics warrant full-text check.","It presents EUX design rules and artifacts derived from prior HCI and psychology work, indicating synthesis of design-knowledge constructs, but the abstract does not clearly state an explicit definition or adapted definition.",False,,,0,0,0,,False,0,,,,design knowledge; design expertise; design rationale; design pattern; design patterns; design principle; design principles; design guideline; design guidelines; design heuristic; design heuristics; design procedure; design procedures; design rule; design rules; design framework; design frameworks; design method; design methods; design theory,,0,Design rules,tfidf-svd,method,kmeans,1,"eudaimonic, demand, meaning, ewb, rules, way, discriminative, described varying nomenclature",1.3349383,11.537332,0.10510027066079997,1,True,1,3,0.9239095043282972,"rules, technical, chapter, recipe, functional, structure, way, purpose",Described Varying Nomenclature / Eudaimonic / Demand,"This cluster focuses on eudaimonic, demand, with contribution types coded as Methodological, Theoretical, Taxonomy/Review.",,,,,"Methodological, Theoretical, Taxonomy/Review","[{'paper_id': 'ba03a17bc120', 'title': 'The Good, the Bad, and the Ugly: A Theoretical Framework for the Assessment of Continuous Colormaps', 'cluster': 1, 'distance': 0.39830894885725354}, {'paper_id': '8aeb26c1e21d', 'title': 'Steps toward a cognitive engineering: Design rules based on analyses of human error', 'cluster': 0, 'distance': 0.6502002750900304}, {'paper_id': '892ad7622adf', 'title': 'Modularity Design Rules for Architecture Development: Theory, Implementation, and Evidence from the Development of the Renault‚ÄìNissan Alliance ‚ÄúCommon Module Family‚Äù Architecture', 'cluster': 2, 'distance': 0.7429045254564968}, {'paper_id': '2a22a314dcfb', 'title': 'Studying Software Architecture Through Design Spaces and Rules', 'cluster': 2, 'distance': 0.7919648380205861}, {'paper_id': 'cf2ee8097a06', 'title': 'Design Rules, Volume 2: Chapter 4‚ÄîThe Mirroring Hypothesis: Linkages Inside and Across Transaction Free Zones', 'cluster': 3, 'distance': 0.8181043922094693}]"
8aeb26c1e21d,Steps toward a cognitive engineering: Design rules based on analyses of human error,"Norman, Donald A.","This paper uses the analysis of human error to provide a tool for the development of principles of system design, both to minimize the occurrence of error and to minimize its effects. Eventually, it should be possible to establish a systematic set of guidelines, with explicit, quantitative cost-benefit tradeoffs that can lead toward a design discipline‚Äîa ‚ÄúCognitive Engineering.‚Äù This short note starts the process.",10.1145/800049.801815,1982,Proceedings of the 1982 Conference on Human Factors in Computing Systems,https://doi.org/10.1145/800049.801815,Design Rules,design_rules.bib,acm|engineering_village|semantic_scholar,full,False,False,True,True,True,True,advance_criteria,True,"Analyzes human error to derive principles and guidelines for system design (Cognitive Engineering), synthesizing and proposing design knowledge constructs.","The paper centrally concerns design principles/guidelines derived from human error analysis, but the abstract does not clearly show a synthesis from prior literature or an explicit definition, so full text is needed.",True,/Users/baiyixin/Downloads/pdf_386/800049.801815.pdf,pdfplumber,20757,14,6,"These tools will have at least that would optimize performance and minimize two components: first, a set of well established either the incidence of error or the effect procedures and methods with known benefits and of the error, once committed. costs, advantages and disadvantages; second, a set All three of these approaches are complementary to of quantitative modeling aids that can be used to one another and should be combined in any complete give numerical assessment of the performance to be attempt to produce a cognitive engineering. In expected from a particular design choice. My hope this brief paper I use only the third approach. is that by providing a rationale based upon modern cognitive theory, it will be possible to general- System Design Principles Can B__e Derived from th# ize these findings to new situations and to Classes of Human Error present them in such a way that designers will find them accessible and useable during the the I have collected a number of errors made by course of design. This paper is simply the very people, both in their everyday llfe and also in beginning of the endeavor. There are several ways their use of computer systems (Norman, 1981). to begin. Let me describe three: These errors yield some insight into the psychological mechanisms that are involved, but they can I. Start with the psychological mechanisms that also be used to examine the human-machlne interhave been studied by psychologists; use face. knowledge of the processing mechanisms to derive the important constraints on human Call the highest level specification of a performance. This is the approach taken by desired action an intention. The intention may Card, Moran, and Newell (1982). result from conscious decision making or from subconscious processing.

to know the critical place at whlch the errors basis, say after a lapse of several hours or occur so that remedlal action can be built lnto days). In Interllsp (Tettelmun & Maslnter, 1981) the system at that crltlcal polnt. operations may be ""undone,"" even operations such as writing on or destroying files. Actlvatlon Issues Suggest the Importance of Dlsplaylng the Options and of Providing Feedback Lessons Actlvatlon errors are of two classes; inappropriate actions get performed and appropriate These simple observations lead us to some actions fall to get done. The former occurs when conclusions about system design. Obviously, this an inappropriate action sequence is activated analysis only takes us part of the way toward a either by being related to desired sequences (as set of design principles. An analysis of errors in the capture error) or through events In the can only get at some classes of problems, and world (""data-drlven activation""). The ,allure to there may not always be general rules applicable carry out an action usually occurs due to memory to the issues. These analyses must be supplefailure, and this can occur when events intercede mented with other methods, including an underbetween the tlme of preparing an intention and the standing of the nature of a person's mental image time at which the act should be performed. Various of the system that is being used and an undermemory alds seem essential to prevent the latter. standing of the human information processing cgpaThe first form of activation error may very well blllty of the user. Meanwhile, the analyses not be preventable. In thls case, the system presented here do make several points that are should be designed to be tolerant of them.

Steps toward a Cognitive Engineering: Design Rules Based on Analyses of Human Error Donald A. Norman Program in Cognitive Science Un£verslty of California, San Diego La Jolla, California 92093 Abstract used to predict system behavior and guide actions. The models, however, have interestThis paper uses the analysis of human error ing properties, sometimes being derived from to provide a tool for the development of princi- idiosyncratic interpretations of the system. ples of system design, both to minimize the Moreover, the models must operate within the occurrence of error and to minimize its effects. constraints of the human processing system (I Eventually, it should be possible to establish a expand on this in Norman, 1982). The study systematic set of guidelines, with explicit, quan- of these models, their veracity, and the titative cost-beneflt tradeoffs that can lead capability of people to use the models wisely toward a design discipline -- a ""Cognitive provides an important tool for the underEngineering."" This short note starts the process. standing of the human-system interface. This is the approach described in Mental Models (Gentner & Stevens, 1982). My eventual goal is the establishment of a discip- 3. Use analyses of people's performance in a line of ""Cognitive Engineering"" that can provide variety of situations ~ but especially their designers with the tools required to make their errors -- to construct an analysis of the products more sensitive and responsive to the appropriate form of hm~an-machlne interface needs of the users.

especially bad in the design of nuclear power There are cases where lack of consistency plant control rooms, where switches and controls seems desirable, and it is put into the design are lald out in neat, logical, nice looking rows. deliberately and with careful thought. This usuThe result, however, is clear potential for confu- ally occurs when the normal sequence for an operasion, for reading the wrong instruments and for tion is long and tedious, and when such an operaoperating the wrong controls (Lockheed Missiles & tion is to be performed frequently it seems Space Company, 1976). desirable to provide shortcuts. Similarly, the default state of an instrument or control is someDescription errors can be expected to occur times made inconsistent with that of other instruwherever control panels are designed so that at a ments or controls because experience shows that quick glance (or in peripheral visJon) the dis- the different defaults simplify some forms of tinctions among controls are not clear enough. operations. Nonetheless, these inconsistencies Solutlons to this problem have long been known. lead to errors (and to dlfflcu~ty in learning). Three principles are as follows: One solution is to make command structure (and instrument format) consistent, even at the cost of I. Arrange instruments and controls in func- some inefficiency is usage. A better solution tional patterns, perhaps in the form of a would be to re-deslgn the entire system so as to flow chart of the system; yield both consistency and ease of operation. 2. Use ""shape coding"" to make the controls and Capture Errors Imply the Need for Better Feedback instrements look and feel different from one another; A capture error occurs when there is overlap in the sequence required for the performance of 3.

One class of One possible way of avoiding this class of description errors occurs when a person attempts error is to minimize overlapping sequences, but to re-derive an action sequence and does sO this may not be possible, especially when the Improperly, forming a sequence appropriate for an infrequent action sequence is simply a modificaaction different from the one intended. This tion of the frequent one. In the case of ""vi"" if occurs primarily through a lack of consistency in "":wq"" were taken ever by some other command (e.g., command structure, so that the appropriate struc- in newer versions of the system, ""ZZ"" is ture for one command is not the same for another, equivalent to "":wq"") the capture error should even though the commands appear to be related and disappear, as the two different commands -- "":w"" share a common description of purposep action, and and ""ZZ"" have no parts in common. even part of the command format. Similar situations occur in the interpretation of Instrement A second way of avoiding the error is to try readings. The basic concept involved here is that to catch it where it occurs. The error occurs at when people lack knowledge about the proper opera- the critical place where the sequences deviate, so tion of some aspect of a machine, they are apt to it is here that the problem must be faced. If the derive the operation by analogy with other, simi- system knows what the intention of the user is lar aspects of the device. The ""derivation"" may (perhaps by requiring the user to indicate the be unconscious, and it can influence behavior overall intention), it could be designed so that without the person realizing that it is happening.

useful to su~arize: People Wlll Make Errors, So Make the System Insen- Feedback: The state of the system should be sitive to Them clearly available to the user, 1deafly in a form that is unambiguous and that makes the The analysis of errors provides one set of set of options readily available so as to considerations for the construction of a system avoid mode errors. that might minimize errors. There are several other factors that should be considered as well. Similarity of response sequences: Different First, people will make errors, even in the best classes of actions should have quite dissimidesigned systems, even with the best of training lar command sequences (or menu patterns) so and best of motivations. So, a corollary of the as to avoid capture and description errors. attempt to minimize errors is that one should try to minimize the effect of an error. Thls means Actions should be reversible (as much as posthat actions should be reverslble, at least as sible) and where both irreversible and of much as is possible. Some things, of course, once relatively hlgh consequence, they should be performed, are irrevocable. Actions that can lead difficult to do, thereby preventing unlntento difficulty should be difficult to do, perhaps tlonal performance. requiring a set of steps (as In the release of ""safeties"" required when the pilot wishes to eject Consistency of the system: The system should from a military alrplane), or at least, requiring be consistent in lts structure and design of a confirmation, as when requesting that all files command so as to minimize memory problems in on a computer directory be destroyed. retrieving the operations.",False,0,,,,design knowledge; design expertise; design rationale; design pattern; design patterns; design principle; design principles; design guideline; design guidelines; design heuristic; design heuristics; design procedure; design procedures; design rule; design rules; design framework; design frameworks; design method; design methods; design theory,"Steps toward a Cognitive Engineering: Design Rules Based on Analyses of Human Error Donald A. Norman Program in Cognitive Science Un£verslty of California, San Diego La Jolla, California 92093 Abstract used to predict system behavior and guide actions. The models, however, have interestThis paper uses the analysis of human error ing properties, sometimes being derived from to provide a tool for the development of princi- idiosyncratic interpretations of the system. ples of system design, both to minimize the Moreover, the models must operate within the occurrence of error and to minimize its effects. constraints of the human processing system (I Eventually, it should be possible to establish a expand on this in Norman, 1982). The study systematic set of guidelines, with explicit, quan- of these models, their veracity, and the titative cost-beneflt tradeoffs that can lead capability of people to use the models wisely toward a design discipline -- a ""Cognitive provides an important tool for the underEngineering."" This short note starts the process. standing of the human-system interface. This is the approach described in Mental Models (Gentner & Stevens, 1982). My eventual goal is the establishment of a discip- 3. Use analyses of people's performance in a line of ""Cognitive Engineering"" that can provide variety of situations ~ but especially their designers with the tools required to make their errors -- to construct an analysis of the products more sensitive and responsive to the appropriate form of hm~an-machlne interface needs of the users.

to know the critical place at whlch the errors basis, say after a lapse of several hours or occur so that remedlal action can be built lnto days). In Interllsp (Tettelmun & Maslnter, 1981) the system at that crltlcal polnt. operations may be ""undone,"" even operations such as writing on or destroying files. Actlvatlon Issues Suggest the Importance of Dlsplaylng the Options and of Providing Feedback Lessons Actlvatlon errors are of two classes; inappropriate actions get performed and appropriate These simple observations lead us to some actions fall to get done. The former occurs when conclusions about system design. Obviously, this an inappropriate action sequence is activated analysis only takes us part of the way toward a either by being related to desired sequences (as set of design principles. An analysis of errors in the capture error) or through events In the can only get at some classes of problems, and world (""data-drlven activation""). The ,allure to there may not always be general rules applicable carry out an action usually occurs due to memory to the issues. These analyses must be supplefailure, and this can occur when events intercede mented with other methods, including an underbetween the tlme of preparing an intention and the standing of the nature of a person's mental image time at which the act should be performed. Various of the system that is being used and an undermemory alds seem essential to prevent the latter. standing of the human information processing cgpaThe first form of activation error may very well blllty of the user. Meanwhile, the analyses not be preventable. In thls case, the system presented here do make several points that are should be designed to be tolerant of them.",2,Design rules,tfidf-svd,method,kmeans,0,"prototyping, interfaces, hybrid, retrieval, error, rules, guidelines, tasks",1.5766323,10.533531,0.27085606071364543,3,True,3,5,0.940357971815327,"rules, cost, steps, properties, organizational, technical, tasks, presented",Prototyping / Interfaces / Hybrid,"This cluster focuses on prototyping, interfaces, involving Designers, using Prototype as the main methodological or conceptual lens, with recurring attention to Interface, Prototype, Tool, with contribution types coded as Artifact/System, Methodological, Theoretical.",,Designers,Prototype,"Interface, Prototype, Tool","Artifact/System, Methodological, Theoretical","[{'paper_id': '43856ed76df1', 'title': 'Hybrid Prototyping: Pure Theory or a Practical Solution to Accelerating Prototyping Tasks?', 'cluster': 0, 'distance': 0.6001767893188349}, {'paper_id': 'dbc171dde63a', 'title': 'Perfect Eudaimonic User Experience Design That Aristotle Would Have Wanted', 'cluster': 1, 'distance': 0.6502002750900304}, {'paper_id': '5c096c480387', 'title': 'User interfaces of information retrieval systems and user friendliness', 'cluster': 0, 'distance': 0.7516602346284303}, {'paper_id': '892ad7622adf', 'title': 'Modularity Design Rules for Architecture Development: Theory, Implementation, and Evidence from the Development of the Renault‚ÄìNissan Alliance ‚ÄúCommon Module Family‚Äù Architecture', 'cluster': 2, 'distance': 0.7543338324485995}, {'paper_id': '1d033f71eb02', 'title': 'Soft, Flexible, and Stretchable Platforms for Tissue‚ÄêInterfaced Bioelectronics', 'cluster': 4, 'distance': 0.8020796139788724}]"
2a22a314dcfb,Studying Software Architecture Through Design Spaces and Rules,"Lane, T. G.","This report argues that the overall structure of software systems (software architecture) is usefully studied by constructing design spaces. A design space identifies the key functional and structural choices made in creating a system design, and it classifies the alternatives available for each choice. Rules can be formulated to relate choices within a design space. Sets of such rules are a valuable design aid and offer a promising route to automatic structural design. By codifying design practice, design spaces can also aid software maintenance and training. To support this argument, the report describes a design space and associated rules for user interface software, and it discusses an experimental that validated these design rules by comparing their predictions to real system designs.",,Nov-90,,,Design Rules,design_rules.csv,engineering_village,full,False,False,True,True,True,True,advance_criteria,True,"Constructs design spaces and rules to classify and codify software architecture design choices, synthesizing and defining design-knowledge constructs as its topic.","The abstract centers on design spaces and rules as a way to study software architecture, suggesting design knowledge is the topic, but it does not clearly show a literature-based synthesis or an explicit definition from the abstract alone.",False,,,0,0,0,,False,0,,,,design knowledge; design expertise; design rationale; design pattern; design patterns; design principle; design principles; design guideline; design guidelines; design heuristic; design heuristics; design procedure; design procedures; design rule; design rules; design framework; design frameworks; design method; design methods; design theory,,0,Design rules,tfidf-svd,method,kmeans,2,"modularity, architecture, rules, organizational, software, choices, spaces, propose",-0.017268814,11.190023,0.2982412741257998,2,True,2,2,0.5793021318855283,"rules, modularity, organizational, architecture, common, concept, proposed, conceptualization",Modularity / Architecture / Rules,"This cluster focuses on modularity, architecture, involving Families, using Case Study as the main methodological or conceptual lens, with recurring attention to Interface, with contribution types coded as Theoretical, Empirical, Artifact/System.",,Families,Case Study,Interface,"Theoretical, Empirical, Artifact/System","[{'paper_id': '892ad7622adf', 'title': 'Modularity Design Rules for Architecture Development: Theory, Implementation, and Evidence from the Development of the Renault‚ÄìNissan Alliance ‚ÄúCommon Module Family‚Äù Architecture', 'cluster': 2, 'distance': 0.44243508103594953}, {'paper_id': 'f941f0424e1a', 'title': 'Design Rules, Volume 2: Chapter 6‚ÄîThe Value Structure of Technologies, Part 1: Mapping Functional Components', 'cluster': 3, 'distance': 0.5878762002702573}, {'paper_id': 'ba03a17bc120', 'title': 'The Good, the Bad, and the Ugly: A Theoretical Framework for the Assessment of Continuous Colormaps', 'cluster': 1, 'distance': 0.6713652625901017}, {'paper_id': '5c096c480387', 'title': 'User interfaces of information retrieval systems and user friendliness', 'cluster': 0, 'distance': 0.7473706641468973}, {'paper_id': '43856ed76df1', 'title': 'Hybrid Prototyping: Pure Theory or a Practical Solution to Accelerating Prototyping Tasks?', 'cluster': 0, 'distance': 0.7876201158277846}]"
ba03a17bc120,"The Good, the Bad, and the Ugly: A Theoretical Framework for the Assessment of Continuous Colormaps",R. Bujack; T. L. Turton; F. Samsel; C. Ware; D. H. Rogers; J. Ahrens,"A myriad of design rules for what constitutes a ‚Äúgood‚Äù colormap can be found in the literature. Some common rules include order, uniformity, and high discriminative power. However, the meaning of many of these terms is often ambiguous or open to interpretation. At times, different authors may use the same term to describe different concepts or the same rule is described by varying nomenclature. These ambiguities stand in the way of collaborative work, the design of experiments to assess the characteristics of colormaps, and automated colormap generation. In this paper, we review current and historical guidelines for colormap design. We propose a specified taxonomy and provide unambiguous mathematical definitions for the most common design rules.",10.1109/TVCG.2017.2743978,2018,,,Design Rules,design_rules.csv,ieee|semantic_scholar,full,False,False,True,True,True,True,advance_criteria,True,"Reviews and synthesizes ambiguous design rules for colormaps and proposes a theoretical framework with clarified definitions, satisfying C2 and likely C3.","The paper reviews prior literature on colormap design rules and organizes ambiguous terms into a theoretical framework, so it synthesizes design-related knowledge, but the abstract does not clearly confirm an explicit original or adapted definition of design-knowledge constructs.",False,,,0,0,0,,False,0,,,,design knowledge; design expertise; design rationale; design pattern; design patterns; design principle; design principles; design guideline; design guidelines; design heuristic; design heuristics; design procedure; design procedures; design rule; design rules; design framework; design frameworks; design method; design methods; design theory,,0,Design rules,tfidf-svd,method,kmeans,1,"eudaimonic, demand, meaning, ewb, rules, way, discriminative, described varying nomenclature",1.884883,11.289854,0.10510027066080008,2,True,2,2,0.9303265495921622,"rules, modularity, organizational, architecture, common, concept, proposed, conceptualization",Described Varying Nomenclature / Eudaimonic / Demand,"This cluster focuses on eudaimonic, demand, with contribution types coded as Methodological, Theoretical, Taxonomy/Review.",,,,,"Methodological, Theoretical, Taxonomy/Review","[{'paper_id': 'dbc171dde63a', 'title': 'Perfect Eudaimonic User Experience Design That Aristotle Would Have Wanted', 'cluster': 1, 'distance': 0.39830894885725354}, {'paper_id': '1d033f71eb02', 'title': 'Soft, Flexible, and Stretchable Platforms for Tissue‚ÄêInterfaced Bioelectronics', 'cluster': 4, 'distance': 0.5824049041564237}, {'paper_id': '2a22a314dcfb', 'title': 'Studying Software Architecture Through Design Spaces and Rules', 'cluster': 2, 'distance': 0.6713652625901017}, {'paper_id': '6f114a6d29d1', 'title': 'Toward a Conceptualization of Organizational Modularity', 'cluster': 2, 'distance': 0.7256868699135485}, {'paper_id': '43856ed76df1', 'title': 'Hybrid Prototyping: Pure Theory or a Practical Solution to Accelerating Prototyping Tasks?', 'cluster': 0, 'distance': 0.7814023647530022}]"
5c096c480387,User interfaces of information retrieval systems and user friendliness,P. Vilar; M. ≈Ωumer,"ABSTRACTThe paper deals with the characteristics of user interfaces of information retrieval systems with the emphasis on design and evaluation. It presents users‚Äô information retrieval tasks and the functions which are offered through interfaces. Design rules, guidelines and standards are presented, as well as criteria and methods for evaluation. Special emphasis is placed on the concept of user friendliness as one of the most important characteristic of the user interfaces. Various definitions of user friendliness are presented and their elements are also discussed. In the end, the paper shows how user interfaces should be designed, taken into consideration all these criteria.",,2013,Knji≈ænica,https://www.semanticscholar.org/paper/9aa514c3ca92faefeccdf83e91e0ddef127ac487,Design Rules,design_rules.csv,semantic_scholar,full,False,False,True,True,True,True,advance_criteria,True,"Presents design rules, guidelines, and standards for IR system interfaces and discusses various definitions of user friendliness, suggesting synthesis (C2) and definitional work (C3); flagged to confirm in full text.","The paper treats interface design rules, guidelines, standards, evaluation criteria, and multiple definitions of user friendliness as its topic, explicitly synthesizing prior constructs and discussing definitions.",False,,,0,0,0,,False,0,,,,design knowledge; design expertise; design rationale; design pattern; design patterns; design principle; design principles; design guideline; design guidelines; design heuristic; design heuristics; design procedure; design procedures; design rule; design rules; design framework; design frameworks; design method; design methods; design theory,,0,Design rules,tfidf-svd,method,kmeans,0,"prototyping, interfaces, hybrid, retrieval, error, rules, guidelines, tasks",0.8480328,10.933688,0.2678758281023741,2,True,2,3,0.9162559294356682,"rules, technical, chapter, recipe, functional, structure, way, purpose",Prototyping / Interfaces / Hybrid,"This cluster focuses on prototyping, interfaces, involving Designers, using Prototype as the main methodological or conceptual lens, with recurring attention to Interface, Prototype, Tool, with contribution types coded as Artifact/System, Methodological, Theoretical.",,Designers,Prototype,"Interface, Prototype, Tool","Artifact/System, Methodological, Theoretical","[{'paper_id': '43856ed76df1', 'title': 'Hybrid Prototyping: Pure Theory or a Practical Solution to Accelerating Prototyping Tasks?', 'cluster': 0, 'distance': 0.5934402469363667}, {'paper_id': '2a22a314dcfb', 'title': 'Studying Software Architecture Through Design Spaces and Rules', 'cluster': 2, 'distance': 0.7473706641468973}, {'paper_id': '8aeb26c1e21d', 'title': 'Steps toward a cognitive engineering: Design rules based on analyses of human error', 'cluster': 0, 'distance': 0.7516602346284303}, {'paper_id': '892ad7622adf', 'title': 'Modularity Design Rules for Architecture Development: Theory, Implementation, and Evidence from the Development of the Renault‚ÄìNissan Alliance ‚ÄúCommon Module Family‚Äù Architecture', 'cluster': 2, 'distance': 0.7754621430164196}, {'paper_id': 'ba03a17bc120', 'title': 'The Good, the Bad, and the Ugly: A Theoretical Framework for the Assessment of Continuous Colormaps', 'cluster': 1, 'distance': 0.7944722934954551}]"
43856ed76df1,Hybrid Prototyping: Pure Theory or a Practical Solution to Accelerating Prototyping Tasks?,David Mathias; C. Snider; B. Hicks,"Physical prototyping is critical activity in the produce development process, but the cost and time required to produce prototypes hinders it use in the design process. Hybrid prototyping through coupling LEGO and FDM printing is presented as an approach to address these issues. After establishing the separate design rules for FDM printing and LEGO, this paper created new set of rules called Design for Fabrication (DfF) for hybrid prototyping. These cover the three main considerations (Technical, Process, and Design) that the designer and process planning must include to practically implement LEGO and FDM hybrid prototyping. The DfF rules were considered in a prototype of a computer mouse. While the fabrication time was not reduced as expected, it showed that the rules could be practically implemented in a real-world example. Additional considerations were identified that are to be included in the DfF rules.Further work is required to realise the predicted step-change reduction in fabrication time. The first approach is to leverage multiple printers to parallelise the printing. The second is to reduce fidelity while maintaining high fidelity in key regions of interest.",,2019,Proceedings of the Design Society,https://www.semanticscholar.org/paper/9f9e2a02a0991265112e3a3b729389070bdb496f,Design Rules,design_rules.csv,semantic_scholar,full,False,False,True,True,True,True,advance_criteria,True,"Synthesizes existing FDM and LEGO design rules and creates a new Design for Fabrication ruleset, plausibly satisfying C2/C3; flagged to verify definitional content in full text.","The abstract discusses natural design rules as inspiration for tribo-surface design, suggesting possible treatment of design rules as a topic, but it does not clearly confirm synthesis from prior work or an explicit definition.",False,,,0,0,0,,False,0,,,,design knowledge; design expertise; design rationale; design pattern; design patterns; design principle; design principles; design guideline; design guidelines; design heuristic; design heuristics; design procedure; design procedures; design rule; design rules; design framework; design frameworks; design method; design methods; design theory,,0,Design rules,tfidf-svd,method,kmeans,0,"prototyping, interfaces, hybrid, retrieval, error, rules, guidelines, tasks",0.94814634,10.185354,0.20085986083787633,1,True,1,5,0.9477536678051643,"rules, cost, steps, properties, organizational, technical, tasks, presented",Prototyping / Interfaces / Hybrid,"This cluster focuses on prototyping, interfaces, involving Designers, using Prototype as the main methodological or conceptual lens, with recurring attention to Interface, Prototype, Tool, with contribution types coded as Artifact/System, Methodological, Theoretical.",,Designers,Prototype,"Interface, Prototype, Tool","Artifact/System, Methodological, Theoretical","[{'paper_id': '892ad7622adf', 'title': 'Modularity Design Rules for Architecture Development: Theory, Implementation, and Evidence from the Development of the Renault‚ÄìNissan Alliance ‚ÄúCommon Module Family‚Äù Architecture', 'cluster': 2, 'distance': 0.5106516583691179}, {'paper_id': '5c096c480387', 'title': 'User interfaces of information retrieval systems and user friendliness', 'cluster': 0, 'distance': 0.5934402469363667}, {'paper_id': '8aeb26c1e21d', 'title': 'Steps toward a cognitive engineering: Design rules based on analyses of human error', 'cluster': 0, 'distance': 0.6001767893188349}, {'paper_id': 'cf2ee8097a06', 'title': 'Design Rules, Volume 2: Chapter 4‚ÄîThe Mirroring Hypothesis: Linkages Inside and Across Transaction Free Zones', 'cluster': 3, 'distance': 0.7481374079883811}, {'paper_id': 'ba03a17bc120', 'title': 'The Good, the Bad, and the Ugly: A Theoretical Framework for the Assessment of Continuous Colormaps', 'cluster': 1, 'distance': 0.7814023647530022}]"
f941f0424e1a,"Design Rules, Volume 2: Chapter 6‚ÄîThe Value Structure of Technologies, Part 1: Mapping Functional Components",Carliss Y. Baldwin,"The purpose of this chapter is to build a robust and versatile language that is capable of representing the value structure of large technical systems. The language is based on elements I have labeled functional components. The language is more abstract than the language of technical recipes and task networks, thus it is capable of hiding details. However, the language also makes it possible to ‚Äútrace back‚Äù from each named functional component to a technical recipe and a corresponding task network. Finally, although the language itself is non-mathematical, the value structure it reveals can be used to specify equations and prove mathematical propositions about the value of technical systems. 
 
The plan of the chapter as follows. I first explain why it is difficult to value technologies using standard economic methods based prices, quanities and probabilities. I then describe a methodology that shows how functional components are combined through technology to create a particular artifact or technical system. The methodology uses symbolic notation to clarify relationships between and among functional components. I illustrate these relationships using an ancient technology‚Äîthe technology for making a garment from pieces of cloth. I go on to describe commonly observed patterns within technical systems, including optional features; composite functions; and platforms.",,2020,Social Science Research Network,https://www.semanticscholar.org/paper/abcbcc31184f047ab91479bf2dc56bd1a2def833,Design Rules,design_rules.csv,semantic_scholar,full,False,False,True,True,True,True,advance_criteria,True,"Develops a language/framework for representing the value structure of technologies, treating design knowledge constructs as the topic and defining functional components, plausibly satisfying C2/C3 but warranting full-text verification.","The chapter appears to propose its own representational language for the value structure of technologies, which suggests an original definition or adaptation of a design-related construct, but synthesis from prior work is not evident from the abstract alone.",False,,,0,0,0,,False,0,,,,design knowledge; design expertise; design rationale; design pattern; design patterns; design principle; design principles; design guideline; design guidelines; design heuristic; design heuristics; design procedure; design procedures; design rule; design rules; design framework; design frameworks; design method; design methods; design theory,,0,Design rules,tfidf-svd,method,kmeans,3,"language, technical, recipe, chapter, linkages, functional, method rules rules, components",1.5612768,12.553398,0.08865141584344205,2,True,1,3,0.9666217877211414,"rules, technical, chapter, recipe, functional, structure, way, purpose",Method Rules Rules / Language / Technical,"This cluster focuses on language, technical, with contribution types coded as Artifact/System, Methodological, Theoretical.",,,,,"Artifact/System, Methodological, Theoretical","[{'paper_id': 'cf2ee8097a06', 'title': 'Design Rules, Volume 2: Chapter 4‚ÄîThe Mirroring Hypothesis: Linkages Inside and Across Transaction Free Zones', 'cluster': 3, 'distance': 0.33888751631167446}, {'paper_id': '2a22a314dcfb', 'title': 'Studying Software Architecture Through Design Spaces and Rules', 'cluster': 2, 'distance': 0.5878762002702573}, {'paper_id': '43856ed76df1', 'title': 'Hybrid Prototyping: Pure Theory or a Practical Solution to Accelerating Prototyping Tasks?', 'cluster': 0, 'distance': 0.8026526676262525}, {'paper_id': '8aeb26c1e21d', 'title': 'Steps toward a cognitive engineering: Design rules based on analyses of human error', 'cluster': 0, 'distance': 0.9030184319298411}, {'paper_id': 'dbc171dde63a', 'title': 'Perfect Eudaimonic User Experience Design That Aristotle Would Have Wanted', 'cluster': 1, 'distance': 0.9165513961486418}]"
cf2ee8097a06,"Design Rules, Volume 2: Chapter 4‚ÄîThe Mirroring Hypothesis: Linkages Inside and Across Transaction Free Zones",Carliss Y. Baldwin,"A technology is a specific way to achieve a material goal. It describes a feasible path‚Äîa recipe‚Äîby which a group of people can arrive at a goal that none could achieve individually. Technical recipes thus require linkages between and among the various contributors to the technical process. 
 
The purpose of this chapter is to look at the relationship between the steps in a given technical recipe and organizational linkages between and among people implementing the recipe. I begin by introducing two concepts: (1) technical dependencies which are properties of the technical architecture; and (2) organizational ties which are properties of the organizational architecture. The idea that organizational ties ought to correspond to technical dependencies is known as the mirroring hypothesis. This chapter defines the mirroring hypothesis and describes its origins. It then investigates the theory behind the hypothesis and identifies a set of ‚Äúpredictable exceptions‚Äù where the hypothesis does not hold. Finally it considers the evidence for and against mirroring in the economy at large.",,2020,Social Science Research Network,https://www.semanticscholar.org/paper/b2acd9c3d6ff7edde932d69118071e11ebd21892,Design Rules,design_rules.csv,semantic_scholar,full,False,False,True,True,True,True,advance_criteria,True,Book chapter on design rules and the mirroring hypothesis that defines technical dependencies and linkage concepts and synthesizes them as the object of study.,"This chapter appears to discuss technical recipes, dependencies, and organizational linkages as conceptual constructs related to design knowledge, but the abstract does not clearly show a literature synthesis or an explicit adapted/original definition, so full text is needed.",False,,,0,0,0,,False,0,,,,design knowledge; design expertise; design rationale; design pattern; design patterns; design principle; design principles; design guideline; design guidelines; design heuristic; design heuristics; design procedure; design procedures; design rule; design rules; design framework; design frameworks; design method; design methods; design theory,,0,Design rules,tfidf-svd,method,kmeans,3,"language, technical, recipe, chapter, linkages, functional, method rules rules, components",0.9035065,12.566706,0.08865141584344194,1,True,2,3,0.8246620546531361,"rules, technical, chapter, recipe, functional, structure, way, purpose",Method Rules Rules / Language / Technical,"This cluster focuses on language, technical, with contribution types coded as Artifact/System, Methodological, Theoretical.",,,,,"Artifact/System, Methodological, Theoretical","[{'paper_id': 'f941f0424e1a', 'title': 'Design Rules, Volume 2: Chapter 6‚ÄîThe Value Structure of Technologies, Part 1: Mapping Functional Components', 'cluster': 3, 'distance': 0.33888751631167446}, {'paper_id': '43856ed76df1', 'title': 'Hybrid Prototyping: Pure Theory or a Practical Solution to Accelerating Prototyping Tasks?', 'cluster': 0, 'distance': 0.7481374079883811}, {'paper_id': 'dbc171dde63a', 'title': 'Perfect Eudaimonic User Experience Design That Aristotle Would Have Wanted', 'cluster': 1, 'distance': 0.8181043922094693}, {'paper_id': '5c096c480387', 'title': 'User interfaces of information retrieval systems and user friendliness', 'cluster': 0, 'distance': 0.8492068724921209}, {'paper_id': 'ba03a17bc120', 'title': 'The Good, the Bad, and the Ugly: A Theoretical Framework for the Assessment of Continuous Colormaps', 'cluster': 1, 'distance': 0.8520130854709055}]"
1d033f71eb02,"Soft, Flexible, and Stretchable Platforms for Tissue‚ÄêInterfaced Bioelectronics",Kento Yamagishi; Sunghoon Lee; Tomoyuki Yokota; Takao Someya,"Seamless integration of electronic systems with living tissues requires not only biocompatibility but also careful matching of mechanical properties across heterogeneous organs. This review clarifies the often‚Äêconflated notions of ‚Äúsoft,‚Äù ‚Äúflexible,‚Äù and ‚Äústretchable‚Äù electronics, and links these definitions to a tissue‚Äêmechanics framework spanning brain, nerve, skin, myocardium, and visceral organs. Based on this framework, we outline general mechanical design principles‚Äîultrathin structures, stretchable architectures, and bioadhesive interfaces‚Äîthat enable deformable devices to conform to moving, curved surfaces. Recent advances are then organized into tissue‚Äêtargeted platforms, including imperceptible skin‚Äêmounted nanosheet and nanomesh electrodes, haptic and neural interfaces for bidirectional communication, and wet‚Äêorgan adhesive systems for cardiac and gastrointestinal applications. We further highlight emerging material systems such as liquid metal‚Äìbased conductors and biodegradable transient electronics, which respectively extend mechanical adaptability and introduce time‚Äêprogrammed disappearance to reduce surgical burden. Across these topics, the review distills unifying design rules for matching modulus, adhesion, and strain tolerance to specific biological environments, positioning soft, tissue‚Äêinterfaced bioelectronics as a coherent toolbox that bridges wearable, implantable, and transient formats for future healthcare technologies.",,2026,Advancement of science,https://www.semanticscholar.org/paper/c3374b7851bf707048b3359556ab8226b87eea9d,Design Rules,design_rules.csv,semantic_scholar,full,False,False,True,True,True,True,advance_criteria,True,"Review that clarifies conflated definitions of soft/flexible/stretchable electronics and synthesizes mechanical design principles, plausibly satisfying C2/C3; flagged to confirm in full text.","This is a review that clarifies and defines related constructs ('soft,' 'flexible,' 'stretchable') from prior work and synthesizes general mechanical design principles, satisfying both C2 and C3.",False,,,0,0,0,,False,0,,,,design knowledge; design expertise; design rationale; design pattern; design patterns; design principle; design principles; design guideline; design guidelines; design heuristic; design heuristics; design procedure; design procedures; design rule; design rules; design framework; design frameworks; design method; design methods; design theory,,0,Design rules,tfidf-svd,method,kmeans,4,"mechanical, tissue, organs, bioelectronics seamless, heterogeneous, careful, platforms, review clarifies notions",2.483409,11.557015,0.0,1,True,1,5,0.8956088705955636,"rules, cost, steps, properties, organizational, technical, tasks, presented",Bioelectronics Seamless / Review Clarifies Notions / Mechanical,"This cluster focuses on Healthcare, with contribution types coded as Methodological.",Healthcare,,,,Methodological,"[{'paper_id': 'ba03a17bc120', 'title': 'The Good, the Bad, and the Ugly: A Theoretical Framework for the Assessment of Continuous Colormaps', 'cluster': 1, 'distance': 0.5824049041564237}, {'paper_id': '8aeb26c1e21d', 'title': 'Steps toward a cognitive engineering: Design rules based on analyses of human error', 'cluster': 0, 'distance': 0.8020796139788724}, {'paper_id': '2a22a314dcfb', 'title': 'Studying Software Architecture Through Design Spaces and Rules', 'cluster': 2, 'distance': 0.8693273223515647}, {'paper_id': '5c096c480387', 'title': 'User interfaces of information retrieval systems and user friendliness', 'cluster': 0, 'distance': 0.8839338627822412}, {'paper_id': '892ad7622adf', 'title': 'Modularity Design Rules for Architecture Development: Theory, Implementation, and Evidence from the Development of the Renault‚ÄìNissan Alliance ‚ÄúCommon Module Family‚Äù Architecture', 'cluster': 2, 'distance': 0.8960059732576917}]"
892ad7622adf,"Modularity Design Rules for Architecture Development: Theory, Implementation, and Evidence from the Development of the Renault‚ÄìNissan Alliance ‚ÄúCommon Module Family‚Äù Architecture",R. Sanchez; T. Shibata,"In this paper, we propose a set of rules for developing modular architectures. We first consider the well-known concept of ‚ÄúDesign Rules‚Äù advanced by Baldwin and Clark. We then propose a broader conceptualization called ‚ÄúModularity Design Rules‚Äù that is derived from later studies of the strategic, managerial, and organizational processes that must also be undertaken to implement successful modular development projects. We elaborate the critical role that the proposed Modularity Design Rules play in strategically grounding, organizing, and managing modular architecture development processes. We also identify key roles that top management must fulfill in supporting implementation of the proposed rules. We then provide evidence in support of the proposed Modularity Design Rules through a case study of the Renault‚ÄìNissan Alliance‚Äôs successful development and use of a modular ‚ÄúCommon Module Family‚Äù architecture between 2009 and 2014. We then suggest some important implications of the Modularity Design Rules for open innovation processes in new product development.",,2018,"Journal of Open Innovation: Technology, Market and Complexity",https://www.semanticscholar.org/paper/f0c8dde0db23ccabc0cd5d3499399bdb253bdf5c,Design Rules,design_rules.csv,semantic_scholar,full,False,False,True,True,True,True,advance_criteria,True,"Builds on and broadens Baldwin and Clark's 'Design Rules' concept into a 'Modularity Design Rules' conceptualization derived from prior studies, satisfying C2 and likely C3.","The paper explicitly builds on Baldwin and Clark's concept of design rules, proposes a broader conceptualization of Modularity Design Rules from prior studies, and thus both synthesizes prior work and provides an adapted/original definition.",False,,,0,0,0,,False,0,,,,design knowledge; design expertise; design rationale; design pattern; design patterns; design principle; design principles; design guideline; design guidelines; design heuristic; design heuristics; design procedure; design procedures; design rule; design rules; design framework; design frameworks; design method; design methods; design theory,,0,Design rules,tfidf-svd,method,kmeans,2,"modularity, architecture, rules, organizational, software, choices, spaces, propose",0.1262087,10.504382,0.09956074083782784,1,True,1,2,0.9636975903644814,"rules, modularity, organizational, architecture, common, concept, proposed, conceptualization",Modularity / Architecture / Rules,"This cluster focuses on modularity, architecture, involving Families, using Case Study as the main methodological or conceptual lens, with recurring attention to Interface, with contribution types coded as Theoretical, Empirical, Artifact/System.",,Families,Case Study,Interface,"Theoretical, Empirical, Artifact/System","[{'paper_id': '2a22a314dcfb', 'title': 'Studying Software Architecture Through Design Spaces and Rules', 'cluster': 2, 'distance': 0.44243508103594953}, {'paper_id': '6f114a6d29d1', 'title': 'Toward a Conceptualization of Organizational Modularity', 'cluster': 2, 'distance': 0.5095703736517379}, {'paper_id': '43856ed76df1', 'title': 'Hybrid Prototyping: Pure Theory or a Practical Solution to Accelerating Prototyping Tasks?', 'cluster': 0, 'distance': 0.5106516583691179}, {'paper_id': 'dbc171dde63a', 'title': 'Perfect Eudaimonic User Experience Design That Aristotle Would Have Wanted', 'cluster': 1, 'distance': 0.7429045254564968}, {'paper_id': '8aeb26c1e21d', 'title': 'Steps toward a cognitive engineering: Design rules based on analyses of human error', 'cluster': 0, 'distance': 0.7543338324485995}]"
6f114a6d29d1,Toward a Conceptualization of Organizational Modularity,Ayberk Soyer; U. Asan; √ñzg√ºr Eri≈ü,"Organizations are complex systems made up of many different elements interacting with each other. One particular form of organizational design, emerging from the need to deal with organizational complexity and environmental uncertainty, is modularity. There are several studies in the literature dealing with organizational modularity. However, neither a common definition nor a complete measurement model is proposed for this concept. What are the common properties of an organization characterized as highly modular? How are these properties related to organizational design parameters? None of these questions have been adequately addressed in the literature. Thus, this chapter aims to identify the common properties of an organization which can be considered to be highly modular and to propose a theoretical conceptualization of organizational modularity based on a framework originally linking Baldwin and Clark's visible design rules with Mintzberg's organizational design parameters and provides a suggestion for operationalizing the concept of organizational modularity.",,2019,"Advances in Logistics, Operations, and Management Science",https://www.semanticscholar.org/paper/fcc6161b8680d7a12b3a2153bdee6188488ffd1b,Design Rules,design_rules.csv,semantic_scholar,full,False,False,True,True,True,True,advance_criteria,True,"Conceptualizes organizational modularity by reviewing literature and proposing a common definition and measurement model, plausibly satisfying C2/C3; flagged for full-text confirmation.","The paper appears to synthesize prior studies to identify common properties and a measurement model for organizational modularity, which fits C2, but the abstract snippet does not clearly show an explicit adapted or original definition, so C3 needs full-text confirmation.",False,,,0,0,0,,False,0,,,,design knowledge; design expertise; design rationale; design pattern; design patterns; design principle; design principles; design guideline; design guidelines; design heuristic; design heuristics; design procedure; design procedures; design rule; design rules; design framework; design frameworks; design method; design methods; design theory,,0,Design rules,tfidf-svd,method,kmeans,2,"modularity, architecture, rules, organizational, software, choices, spaces, propose",0.37172344,11.887121,0.32775856619328314,3,True,3,2,0.8294651665201476,"rules, modularity, organizational, architecture, common, concept, proposed, conceptualization",Modularity / Architecture / Rules,"This cluster focuses on modularity, architecture, involving Families, using Case Study as the main methodological or conceptual lens, with recurring attention to Interface, with contribution types coded as Theoretical, Empirical, Artifact/System.",,Families,Case Study,Interface,"Theoretical, Empirical, Artifact/System","[{'paper_id': '892ad7622adf', 'title': 'Modularity Design Rules for Architecture Development: Theory, Implementation, and Evidence from the Development of the Renault‚ÄìNissan Alliance ‚ÄúCommon Module Family‚Äù Architecture', 'cluster': 2, 'distance': 0.5095703736517379}, {'paper_id': 'ba03a17bc120', 'title': 'The Good, the Bad, and the Ugly: A Theoretical Framework for the Assessment of Continuous Colormaps', 'cluster': 1, 'distance': 0.7256868699135485}, {'paper_id': '5c096c480387', 'title': 'User interfaces of information retrieval systems and user friendliness', 'cluster': 0, 'distance': 0.8841701550786281}, {'paper_id': 'cf2ee8097a06', 'title': 'Design Rules, Volume 2: Chapter 4‚ÄîThe Mirroring Hypothesis: Linkages Inside and Across Transaction Free Zones', 'cluster': 3, 'distance': 0.890969680815418}, {'paper_id': '1d033f71eb02', 'title': 'Soft, Flexible, and Stretchable Platforms for Tissue‚ÄêInterfaced Bioelectronics', 'cluster': 4, 'distance': 0.8987044407523852}]"
